Segment,Customers,Avg_Frequency,Avg_Monetary,Total_Monetary,Pct_of_Revenue,Pct_of_Customers
Champions,1364,246.8724340175953,2233529.3870967743,3046534084,59.8,23.2
Loyal high-value,1424,85.80828651685393,832097.3125,1184906573,23.3,24.2
At risk / low engagement,2789,26.524202223019003,250924.02151308712,699827096,13.7,47.3
Big spenders (infrequent),157,48.17197452229299,588957.9299363057,92466395,1.8,2.7
Frequent low-value,157,61.17197452229299,459099.32484076434,72078594,1.4,2.7
